,note_name,start_time,duration,velocity,tempo
0,G#4,0.01,49/100,96,124
1,B-4,0.51,49/100,96,124
2,B4,1.01,49/100,96,124
3,G#4,1.51,49/100,96,124
4,E-5,2.01,99/100,96,124
5,E4,2.01,199/100,68,124
6,E3,2.01,199/100,68,124
7,B4,2.51,99/100,64,124
8,B3,2.51,149/100,80,124
9,F#4,3.01,99/100,96,124
10,G#4,3.51,49/100,96,124
11,F#4,4.0,2.0,96,124
12,G#4,4.0,1.0,96,124
13,B3,4.0,1.5,80,124
14,E4,4.0,2.0,68,124
15,E3,4.0,2.0,68,124
16,E-5,5.01,99/100,96,124
17,C#5,6.01,199/100,96,124
18,F#4,6.01,199/100,80,124
19,F#3,6.01,199/100,80,124
20,C#4,6.51,149/100,88,124
21,F#4,7.01,99/100,96,124
22,G#4,7.51,49/100,96,124
23,C#5,8.0,2.0,96,124
24,F#4,8.0,3.5,96,124
25,G#4,8.0,1.0,96,124
26,C#4,8.0,1.5,88,124
27,F#4,8.0,2.0,80,124
28,F#3,8.0,2.0,80,124
29,B-4,9.01,299/100,104,124
30,B-3,10.01,199/100,96,124
31,F4,10.51,149/100,104,124
32,C5,11.01,99/100,96,124
33,C#5,11.51,49/100,88,124
34,B-4,12.0,3.0,104,124
35,C5,12.0,4.0,96,124
36,C#5,12.0,4.0,88,124
37,B-3,12.0,4.0,96,124
38,F4,12.0,4.0,104,124
39,B-3,16.0,2.0,96,124
40,F4,16.0,2.0,104,124
41,G#4,16.01,49/100,96,124
42,B-4,16.51,49/100,96,124
43,B4,17.01,49/100,96,124
44,C#5,17.51,49/100,96,124
45,E-5,18.01,149/100,104,124
46,C#4,18.01,199/100,76,124
47,C#3,18.01,199/100,76,124
48,G#3,18.51,149/100,80,124
49,E-4,19.01,99/100,88,124
50,C#5,19.51,49/100,104,124
51,E4,19.51,49/100,96,124
52,C#5,20.0,1.5,104,124
53,G#3,20.0,2.5,80,124
54,E-4,20.0,2.0,88,124
55,E4,20.0,2.5,96,124
56,C#4,20.0,2.0,76,124
57,C#3,20.0,2.0,76,124
58,B4,21.01,149/100,104,124
59,B-4,22.01,199/100,104,124
60,E-4,22.01,199/100,80,124
61,E-3,22.01,199/100,80,124
62,B-3,22.51,149/100,88,124
63,F4,23.01,99/100,88,124
64,F#4,23.51,49/100,104,124
65,F#4,24.0,2.0,104,124
66,B-4,24.0,1.5,104,124
67,B-3,24.0,2.0,88,124
68,F4,24.0,2.0,88,124
69,E-4,24.0,1.5,80,124
70,E-3,24.0,1.5,80,124
71,G#4,25.51,149/100,104,124
72,E4,25.51,249/100,84,124
73,E3,25.51,249/100,84,124
74,B4,26.51,149/100,88,124
75,B3,26.51,149/100,80,124
76,F#5,27.01,99/100,88,124
77,F#6,27.01,99/100,80,124
78,F#5,28.0,2.0,88,124
79,B4,28.0,2.5,88,124
80,F#6,28.0,3.0,80,124
81,B3,28.0,2.5,80,124
82,E4,28.0,1.5,84,124
83,E3,28.0,1.5,84,124
84,F#4,30.01,49/100,104,124
85,F#3,30.01,149/100,96,124
86,G#4,30.51,49/100,104,124
87,C#4,30.51,99/100,96,124
88,B-4,31.01,49/100,104,124
89,B4,31.51,49/100,104,124
90,F4,31.51,49/100,76,124
91,F3,31.51,49/100,76,124
92,F4,32.0,1.5,76,124
93,F3,32.0,1.5,76,124
94,B-4,32.01,49/100,104,124
95,E-4,32.01,49/100,96,124
96,B4,32.51,49/100,104,124
97,F4,32.51,99/100,96,124
98,C#5,33.01,49/100,104,124
99,E-5,33.51,149/100,104,124
100,E4,33.51,249/100,76,124
101,E3,33.51,249/100,76,124
102,B3,34.01,199/100,104,124
103,F#4,34.51,49/100,104,124
104,G#4,35.01,99/100,104,124
105,G#4,36.0,0.5,104,124
106,B3,36.0,1.5,104,124
107,E4,36.0,1.5,76,124
108,E3,36.0,1.5,76,124
109,B4,36.51,49/100,104,124
110,C#5,37.01,49/100,104,124
111,E-5,37.51,149/100,104,124
112,F#4,37.51,199/100,80,124
113,F#3,37.51,199/100,80,124
114,C#4,38.01,149/100,104,124
115,G#4,38.51,49/100,104,124
116,F#5,39.01,99/100,104,124
117,B-4,39.01,99/100,88,124
118,G4,39.51,49/100,80,124
119,G3,39.51,49/100,80,124
120,F#5,40.0,0.5,104,124
121,B-4,40.0,0.5,88,124
122,G4,40.0,1.5,80,124
123,G3,40.0,1.5,80,124
124,G#5,40.51,99/100,104,124
125,B4,40.51,99/100,104,124
126,C#5,41.51,149/100,104,124
127,B-4,41.51,149/100,104,124
128,G#4,41.51,249/100,80,124
129,G#3,41.51,249/100,80,124
130,E-4,42.01,199/100,96,124
131,G#4,42.51,149/100,96,124
132,B4,43.01,99/100,104,124
133,B4,44.0,2.0,104,124
134,E-4,44.0,2.0,96,124
135,G#4,44.0,2.5,96,124
136,G#4,44.0,1.5,80,124
137,G#3,44.0,1.5,80,124
138,G3,45.51,249/100,80,124
139,C#4,46.01,199/100,88,124
140,E-4,46.51,149/100,104,124
141,F#4,47.01,49/100,104,124
142,G#4,47.51,49/100,104,124
143,G#4,48.0,0.5,104,124
144,B-4,48.01,99/100,104,124
145,C#4,48.01,37/50,84,124
146,C#3,48.01,37/50,84,124
147,B4,48.51,99/100,112,124
148,G#3,48.76,37/50,84,124
149,G#2,48.76,37/50,84,124
150,C#5,49.01,49/100,112,124
151,E-5,49.51,149/100,112,124
152,C#2,49.51,249/100,88,124
153,C#3,49.51,249/100,88,124
154,C#3,50.51,99/100,72,124
155,C#4,50.51,99/100,72,124
156,C#5,51.01,99/100,112,124
157,G#3,51.51,49/100,88,124
158,G#4,51.51,49/100,88,124
159,C#5,52.0,0.5,112,124
160,C#2,52.0,1.5,88,124
161,C#3,52.0,1.5,88,124
162,G#3,52.0,1.5,88,124
163,G#4,52.0,1.5,88,124
164,B4,52.51,99/100,112,124
165,B-4,53.51,149/100,112,124
166,B1,53.51,249/100,88,124
167,B2,53.51,249/100,88,124
168,B2,54.51,99/100,72,124
169,B3,54.51,99/100,72,124
170,F#4,55.01,99/100,112,124
171,F#3,55.51,49/100,96,124
172,F#4,55.51,49/100,80,124
173,F#4,56.0,1.0,112,124
174,F#3,56.0,4.0,96,124
175,F#4,56.0,1.0,80,124
176,B1,56.0,1.0,88,124
177,B2,56.0,1.0,88,124
178,G#4,57.01,299/100,112,124
179,A1,57.01,299/100,72,124
180,A2,57.01,299/100,80,124
181,G#4,57.01,299/100,80,124
182,C#6,59.51,49/100,88,124
183,E5,59.51,49/100,88,124
184,G#4,60.0,3.5,112,124
185,A1,60.0,1.5,72,124
186,A2,60.0,2.0,80,124
187,F#3,60.0,2.5,96,124
188,G#4,60.0,1.0,80,124
189,C#6,60.0,4.0,88,124
190,E5,60.0,4.0,88,124
191,G#4,64.01,49/100,112,124
192,B3,64.01,49/100,64,124
193,B4,64.51,49/100,112,124
194,G#3,64.51,49/100,72,124
195,C#5,65.01,49/100,112,124
196,F#3,65.01,49/100,80,124
197,E-5,65.51,149/100,120,124
198,E3,65.51,149/100,96,124
199,E-4,65.51,149/100,80,124
200,G#3,66.01,49/100,96,124
201,B3,66.51,49/100,96,124
202,B3,67.01,99/100,96,124
203,E3,67.01,99/100,96,124
204,E-4,67.01,99/100,80,124
205,E4,67.073,927/1000,80,124
206,G#4,67.135,173/200,120,124
207,E4,68.0,0.5,80,124
208,E3,68.0,1.5,96,124
209,E-5,68.01,49/100,120,124
210,E-4,68.01,37/50,88,124
211,F#5,68.51,49/100,120,124
212,B3,68.76,37/50,88,124
213,E-5,69.01,49/100,120,124
214,F#4,69.51,149/100,80,124
215,B-3,69.51,149/100,92,124
216,F#3,69.51,149/100,92,124
217,C#5,70.01,49/100,120,124
218,C#4,70.01,49/100,96,124
219,F#5,70.51,49/100,120,124
220,E4,70.51,49/100,96,124
221,C#5,71.01,99/100,120,124
222,C#4,71.01,99/100,92,124
223,F#3,71.01,99/100,92,124
224,F#4,71.01,99/100,88,124
225,E4,71.01,99/100,88,124
226,C#4,72.0,0.5,92,124
227,F#3,72.0,0.5,92,124
228,F#4,72.0,0.5,88,124
229,E4,72.0,0.5,88,124
230,B4,72.01,49/100,120,124
231,B-4,72.51,49/100,120,124
232,F#3,72.51,99/100,96,124
233,C#4,72.76,37/50,88,124
234,B4,73.01,49/100,120,124
235,C#5,73.51,149/100,120,124
236,C#4,73.51,149/100,88,124
237,E-3,73.51,149/100,88,124
238,G3,74.01,49/100,96,124
239,B-3,74.51,49/100,96,124
240,E-4,75.01,99/100,88,124
241,B-3,75.01,99/100,96,124
242,E-3,75.01,99/100,88,124
243,E4,75.073,927/1000,120,124
244,B-3,76.0,0.5,96,124
245,E-3,76.0,0.5,88,124
246,C#5,76.01,49/100,120,124
247,F#5,76.51,49/100,120,124
248,B-3,76.51,99/100,96,124
249,E-3,76.51,99/100,88,124
250,B-4,77.01,49/100,120,124
251,C#5,77.51,149/100,120,124
252,G#2,77.51,99/100,88,124
253,C#4,77.51,149/100,112,124
254,F#2,78.51,49/100,88,124
255,B4,79.01,49/100,120,124
256,G#2,79.01,99/100,100,124
257,B3,79.01,99/100,100,124
258,G#2,80.0,0.5,100,124
259,B3,80.0,0.5,100,124
260,G#4,80.01,49/100,120,124
261,B4,80.51,49/100,120,124
262,F#2,80.51,99/100,96,124
263,C#4,80.51,99/100,96,124
264,C#5,81.01,49/100,120,124
265,E-5,81.51,149/100,120,124
266,E3,81.51,149/100,96,124
267,E4,81.51,149/100,88,124
268,E2,81.51,149/100,88,124
269,G#3,82.01,49/100,96,124
270,B3,82.51,49/100,96,124
271,G#4,83.01,99/100,120,124
272,E-4,83.01,49/100,96,124
273,E3,83.01,99/100,96,124
274,E4,83.01,99/100,88,124
275,E2,83.01,99/100,88,124
276,E-4,83.51,49/100,96,124
277,E3,84.0,1.5,96,124
278,E4,84.0,1.5,88,124
279,E2,84.0,1.5,88,124
280,E-5,84.01,49/100,120,124
281,B3,84.01,49/100,96,124
282,F#5,84.51,49/100,120,124
283,G#3,84.51,49/100,96,124
284,E-5,85.01,49/100,120,124
285,E-4,85.01,49/100,96,124
286,C#5,85.51,37/50,120,124
287,E-3,85.51,149/100,96,124
288,E-4,85.51,149/100,88,124
289,E-2,85.51,149/100,88,124
290,F#3,86.01,49/100,96,124
291,E-5,86.26,37/50,120,124
292,B-3,86.51,49/100,96,124
293,F#5,87.01,49/100,120,124
294,C#4,87.01,49/100,96,124
295,E-3,87.01,99/100,96,124
296,E-4,87.01,99/100,88,124
297,E-2,87.01,99/100,88,124
298,B-5,87.51,49/100,120,124
299,C#4,87.51,49/100,96,124
300,B-5,88.0,0.5,120,124
301,E-3,88.0,1.5,96,124
302,E-4,88.0,1.5,88,124
303,E-2,88.0,1.5,88,124
304,B-3,88.01,49/100,96,124
305,F#5,88.51,99/100,120,124
306,F#3,88.51,49/100,96,124
307,B-3,89.01,99/100,96,124
308,G#5,89.51,373/200,120,124
309,D4,89.51,149/100,88,124
310,D2,89.51,149/100,88,124
311,D3,89.51,149/100,96,124
312,C#5,89.51,149/100,96,124
313,A4,90.01,49/100,96,124
314,A3,90.01,49/100,64,124
315,F#4,90.51,49/100,96,124
316,F#3,90.51,49/100,64,124
317,C#5,91.01,49/100,96,124
318,C#4,91.01,49/100,64,124
319,D3,91.01,99/100,96,124
320,D4,91.01,99/100,88,124
321,D2,91.01,99/100,88,124
322,B-5,91.385,23/200,120,124
323,B5,91.51,49/100,120,124
324,C#5,91.51,49/100,96,124
325,C#4,91.51,49/100,64,124
326,B5,92.0,0.25,120,124
327,D3,92.0,1.5,96,124
328,D4,92.0,1.5,88,124
329,D2,92.0,1.5,88,124
330,A4,92.01,49/100,96,124
331,A3,92.01,49/100,64,124
332,B-5,92.26,37/50,120,124
333,F#4,92.51,49/100,96,124
334,F#3,92.51,49/100,64,124
335,F#5,93.01,49/100,120,124
336,C#5,93.01,99/100,96,124
337,C#4,93.01,49/100,64,124
338,E-5,93.51,99/100,120,124
339,C#4,93.51,149/100,88,124
340,C#2,93.51,149/100,88,124
341,C#3,93.51,149/100,96,124
342,B4,93.51,149/100,96,124
343,G#4,94.01,49/100,96,124
344,G#3,94.01,49/100,64,124
345,E4,94.51,49/100,96,124
346,E3,94.51,49/100,64,124
347,G#4,95.01,99/100,96,124
348,C#2,95.01,99/100,88,124
349,C#3,95.01,99/100,96,124
350,B4,95.01,99/100,96,124
351,C#4,95.01,99/100,92,124
352,G#3,95.01,99/100,92,124
353,G#4,96.0,1.5,96,124
354,C#2,96.0,1.75,88,124
355,C#3,96.0,1.5,96,124
356,B4,96.0,2.0,96,124
357,C#4,96.0,1.0,92,124
358,G#3,96.0,1.0,92,124
359,C#5,97.76,37/50,120,124
360,C#4,97.76,37/50,84,124
361,C#3,97.76,37/50,84,124
362,B4,98.51,37/50,120,124
363,B3,98.51,37/50,88,124
364,B2,98.51,37/50,88,124
365,B-4,99.26,37/50,120,124
366,B-3,99.26,37/50,92,124
367,B-2,99.26,37/50,92,124
368,G#4,100.01,99/100,120,124
369,G#3,100.01,37/50,96,124
370,C#2,100.01,99/100,88,124
371,C#3,100.01,6/25,96,124
372,E4,100.26,6/25,96,124
373,E3,100.26,49/100,96,124
374,C#4,100.51,6/25,96,124
375,C#3,100.51,49/100,96,124
376,G#4,100.76,6/25,96,124
377,G#3,100.76,6/25,96,124
378,E-5,101.01,99/100,120,124
379,B-4,101.01,6/25,96,124
380,B-3,101.01,37/50,96,124
381,E-2,101.01,99/100,88,124
382,E-3,101.01,6/25,96,124
383,F#4,101.26,6/25,96,124
384,F#3,101.26,49/100,96,124
385,E-4,101.51,6/25,96,124
386,E-3,101.51,49/100,96,124
387,B-4,101.76,6/25,96,124
388,B-3,101.76,6/25,96,124
389,G#5,102.01,99/100,120,124
390,B4,102.01,6/25,96,124
391,B3,102.01,37/50,96,124
392,E2,102.01,99/100,88,124
393,E3,102.01,6/25,96,124
394,G#4,102.26,6/25,96,124
395,G#3,102.26,49/100,96,124
396,E4,102.51,6/25,96,124
397,E3,102.51,49/100,96,124
398,B4,102.76,6/25,96,124
399,B3,102.76,6/25,96,124
400,E-6,103.01,99/100,120,124
401,C#5,103.01,6/25,96,124
402,C#4,103.01,37/50,96,124
403,F#2,103.01,99/100,88,124
404,F#3,103.01,6/25,96,124
405,B-4,103.26,6/25,96,124
406,B-3,103.26,49/100,96,124
407,F#4,103.51,6/25,96,124
408,F#3,103.51,49/100,96,124
409,C#5,103.76,6/25,96,124
410,C#4,103.76,6/25,96,124
411,E2,104.01,399/100,96,124
412,E3,104.01,99/100,104,124
413,G#4,105.01,99/100,104,124
414,E-4,105.01,99/100,104,124
415,B3,105.01,99/100,83,124
416,B2,105.01,99/100,83,124
417,G#4,105.01,99/100,83,124
418,F#5,106.01,99/100,120,124
419,F#5,106.01,99/100,88,124
420,B-3,106.01,49/100,80,124
421,B-2,106.01,49/100,80,124
422,G#4,106.51,99/100,104,124
423,E-4,106.51,99/100,104,124
424,B3,106.51,99/100,80,124
425,B2,106.51,99/100,80,124
426,E5,107.01,49/100,120,124
427,E5,107.01,49/100,88,124
428,E-5,107.51,49/100,120,124
429,E-5,107.51,49/100,88,124
430,B3,107.51,49/100,80,124
431,B2,107.51,49/100,80,124
432,E-5,108.0,1.0,120,124
433,E-5,108.0,1.0,88,124
434,F#2,108.01,399/100,96,124
435,F#3,108.01,99/100,64,124
436,C#5,109.01,99/100,88,124
437,C#5,109.01,99/100,109,124
438,G#4,109.01,99/100,109,124
439,E-4,109.01,99/100,109,124
440,B-3,109.01,49/100,80,124
441,B-2,109.01,49/100,80,124
442,C#4,109.51,99/100,80,124
443,C#3,109.51,99/100,80,124
444,B4,110.01,99/100,120,124
445,B4,110.01,99/100,88,124
446,F#4,110.51,99/100,104,124
447,C#4,110.51,99/100,104,124
448,B3,110.51,99/100,80,124
449,B2,110.51,99/100,80,124
450,B-4,111.01,99/100,120,124
451,B-4,111.01,99/100,88,124
452,B-3,111.51,49/100,80,124
453,B-2,111.51,49/100,80,124
454,F#4,112.01,99/100,112,124
455,G#2,112.01,399/100,96,124
456,G#3,112.01,99/100,76,124
457,F#4,112.01,99/100,76,124
458,E-4,113.01,99/100,104,124
459,G#3,113.01,99/100,104,124
460,C#4,113.01,99/100,83,124
461,C#3,113.01,99/100,83,124
462,E-4,113.01,99/100,83,124
463,C#5,114.01,49/100,120,124
464,B3,114.01,49/100,83,124
465,B2,114.01,49/100,83,124
466,C#5,114.01,49/100,83,124
467,B4,114.51,99/100,109,124
468,E-4,114.51,99/100,109,124
469,G#3,114.51,99/100,109,124
470,C#4,114.51,99/100,83,124
471,C#3,114.51,99/100,83,124
472,B4,114.51,99/100,83,124
473,B-4,115.51,49/100,120,124
474,B-4,115.51,49/100,88,124
475,C#4,115.51,49/100,80,124
476,C#3,115.51,49/100,80,124
477,B-4,116.0,0.5,120,124
478,B-4,116.0,0.5,88,124
479,F#2,116.01,399/100,96,124
480,F#3,116.01,99/100,64,124
481,F#4,117.01,149/100,112,124
482,C#4,117.01,99/100,96,124
483,F#4,117.01,149/100,88,124
484,E-4,117.01,99/100,80,124
485,E-3,117.01,99/100,80,124
486,C#4,118.01,49/100,80,124
487,C#3,118.01,49/100,80,124
488,G#4,118.51,149/100,104,124
489,E-4,118.51,149/100,104,124
490,B3,118.51,149/100,83,124
491,B2,118.51,149/100,83,124
492,G#4,118.51,149/100,83,124
493,E2,120.01,399/100,96,124
494,E3,120.01,99/100,104,124
495,G#4,121.01,99/100,104,124
496,E-4,121.01,99/100,104,124
497,B3,121.01,99/100,83,124
498,B2,121.01,99/100,83,124
499,G#4,121.01,99/100,83,124
500,F#5,122.01,99/100,120,124
501,F#5,122.01,99/100,96,124
502,B-3,122.01,49/100,80,124
503,B-2,122.01,49/100,80,124
504,G#4,122.51,99/100,104,124
505,E-4,122.51,99/100,104,124
506,B3,122.51,99/100,80,124
507,B2,122.51,99/100,80,124
508,E5,123.01,49/100,120,124
509,E5,123.01,49/100,96,124
510,E-5,123.51,49/100,120,124
511,E-5,123.51,49/100,96,124
512,B3,123.51,49/100,80,124
513,B2,123.51,49/100,80,124
514,E-5,124.0,1.0,120,124
515,E-5,124.0,1.0,96,124
516,F#2,124.01,399/100,96,124
517,F#3,124.01,99/100,64,124
518,E5,125.01,99/100,96,124
519,E5,125.01,99/100,109,124
520,G#4,125.01,99/100,109,124
521,E-4,125.01,99/100,109,124
522,B-3,125.01,49/100,80,124
523,B-2,125.01,49/100,80,124
524,C#4,125.51,99/100,80,124
525,C#3,125.51,99/100,80,124
526,F#5,126.01,99/100,120,124
527,F#5,126.01,99/100,96,124
528,F#4,126.51,99/100,104,124
529,C#4,126.51,99/100,104,124
530,B3,126.51,99/100,80,124
531,B2,126.51,99/100,80,124
532,B-5,127.01,99/100,120,124
533,B-5,127.01,99/100,96,124
534,B-3,127.51,49/100,80,124
535,B-2,127.51,49/100,80,124
536,C#6,128.01,99/100,120,124
537,G#2,128.01,399/100,96,124
538,G#3,128.01,99/100,80,124
539,C#6,128.01,99/100,80,124
540,B5,129.01,99/100,109,124
541,G#4,129.01,99/100,109,124
542,E-4,129.01,99/100,109,124
543,C#4,129.01,99/100,85,124
544,C#3,129.01,99/100,85,124
545,B5,129.01,99/100,85,124
546,B-5,130.01,99/100,120,124
547,B-5,130.01,99/100,96,124
548,B3,130.01,49/100,80,124
549,B2,130.01,49/100,80,124
550,G#4,130.51,99/100,104,124
551,E-4,130.51,99/100,104,124
552,C#4,130.51,99/100,80,124
553,C#3,130.51,99/100,80,124
554,F#5,131.01,49/100,120,124
555,F#5,131.01,49/100,96,124
556,G#5,131.51,49/100,120,124
557,G#5,131.51,49/100,96,124
558,C#4,131.51,49/100,80,124
559,C#3,131.51,49/100,80,124
560,G#5,132.0,4.0,120,124
561,G#5,132.0,4.0,96,124
562,A2,132.01,399/100,96,124
563,A3,132.01,99/100,64,124
564,G#4,133.01,99/100,104,124
565,C#4,133.01,99/100,104,124
566,E-4,133.01,99/100,80,124
567,E-3,133.01,99/100,80,124
568,C#4,134.01,49/100,80,124
569,C#3,134.01,49/100,80,124
570,B4,134.51,149/100,108,124
571,E-4,134.51,149/100,108,124
572,B3,134.51,149/100,80,124
573,B2,134.51,149/100,80,124
574,E2,136.01,399/100,96,124
575,G#4,136.01,99/100,100,124
576,E3,136.01,99/100,100,124
577,G#5,137.01,99/100,104,124
578,G#4,137.01,99/100,104,124
579,C#4,137.01,99/100,104,124
580,G#3,137.01,99/100,92,124
581,G#4,137.01,99/100,92,124
582,F#5,138.01,99/100,120,124
583,E-4,138.01,49/100,96,124
584,F#5,138.01,99/100,96,124
585,F#6,138.01,99/100,104,124
586,G#3,138.51,99/100,88,124
587,G#4,138.51,149/100,104,124
588,C#4,138.51,149/100,104,124
589,E5,139.01,49/100,120,124
590,E5,139.01,49/100,96,124
591,E6,139.01,49/100,104,124
592,E-5,139.51,49/100,120,124
593,E-5,139.51,49/100,96,124
594,E-6,139.51,49/100,104,124
595,E-5,140.0,1.0,120,124
596,E-5,140.0,1.0,96,124
597,E-6,140.0,1.0,104,124
598,F#2,140.01,399/100,96,124
599,F#4,140.01,49/100,104,124
600,C#4,140.01,49/100,104,124
601,C#6,141.01,99/100,104,124
602,C#5,141.01,99/100,109,124
603,G#4,141.01,99/100,109,124
604,C#4,141.01,99/100,109,124
605,G#3,141.01,99/100,92,124
606,C#5,141.01,99/100,92,124
607,B4,142.01,99/100,120,124
608,E-4,142.01,49/100,96,124
609,B4,142.01,99/100,96,124
610,B5,142.01,99/100,104,124
611,F#4,142.51,99/100,112,124
612,B-3,142.51,99/100,88,124
613,B-4,143.01,99/100,120,124
614,B-4,143.01,99/100,96,124
615,B-5,143.01,99/100,104,124
616,F#4,144.01,99/100,112,124
617,G#2,144.01,399/100,96,124
618,F#4,144.01,99/100,96,124
619,F#5,144.01,99/100,104,124
620,E-5,145.01,99/100,104,124
621,E-4,145.01,99/100,104,124
622,C#4,145.01,99/100,104,124
623,G#3,145.01,99/100,92,124
624,E-4,145.01,99/100,92,124
625,C#5,146.01,49/100,96,124
626,C#6,146.01,49/100,104,124
627,C#5,146.01,49/100,108,124
628,E-4,146.01,49/100,108,124
629,B4,146.51,99/100,120,124
630,E-4,146.51,149/100,112,124
631,C#4,146.51,149/100,96,124
632,G#3,146.51,149/100,88,124
633,B4,146.51,99/100,96,124
634,B5,146.51,99/100,104,124
635,B-4,147.51,49/100,120,124
636,B-4,147.51,49/100,96,124
637,B-5,147.51,49/100,104,124
638,B-4,148.0,1.5,120,124
639,E-4,148.0,0.5,112,124
640,B-4,148.0,0.5,96,124
641,B-5,148.0,0.5,104,124
642,C#4,148.01,49/100,96,124
643,F#2,148.01,399/100,96,124
644,F#4,149.01,149/100,112,124
645,C#4,149.01,99/100,96,124
646,B-3,149.01,99/100,88,124
647,F#4,149.01,149/100,96,124
648,F#5,149.01,149/100,104,124
649,E-4,150.01,99/100,104,124
650,G#4,150.51,149/100,112,124
651,G#3,150.51,99/100,88,124
652,G#4,150.51,149/100,96,124
653,G#5,150.51,149/100,104,124
654,F#4,151.01,99/100,112,124
655,G#4,152.01,99/100,120,124
656,E2,152.01,399/100,96,124
657,E3,152.01,99/100,88,124
658,G#5,153.01,99/100,104,124
659,G#4,153.01,99/100,104,124
660,C#4,153.01,99/100,104,124
661,G#3,153.01,99/100,92,124
662,G#4,153.01,99/100,92,124
663,F#5,154.01,99/100,120,124
664,E-4,154.01,49/100,96,124
665,F#5,154.01,99/100,96,124
666,F#6,154.01,99/100,104,124
667,G#4,154.51,99/100,112,124
668,C#4,154.51,149/100,96,124
669,G#3,154.51,99/100,88,124
670,E5,155.01,49/100,120,124
671,E5,155.01,49/100,96,124
672,E6,155.01,49/100,104,124
673,E-5,155.51,49/100,120,124
674,E-5,155.51,49/100,96,124
675,E-6,155.51,49/100,104,124
676,E-5,156.0,1.0,120,124
677,E-5,156.0,1.0,96,124
678,E-6,156.0,1.0,104,124
679,F#4,156.01,99/100,112,124
680,C#4,156.01,49/100,96,124
681,F#2,156.01,399/100,96,124
682,E6,157.01,99/100,104,124
683,E5,157.01,99/100,109,124
684,G#4,157.01,99/100,109,124
685,C#4,157.01,99/100,109,124
686,G#3,157.01,99/100,92,124
687,E5,157.01,99/100,92,124
688,F#5,158.01,99/100,120,124
689,E-4,158.01,49/100,96,124
690,F#5,158.01,99/100,96,124
691,F#6,158.01,99/100,104,124
692,B-3,158.51,99/100,88,124
693,B-4,158.51,99/100,104,124
694,F#4,158.51,99/100,104,124
695,B-5,159.01,99/100,120,124
696,B-5,159.01,99/100,96,124
697,B-6,159.01,99/100,104,124
698,G#2,160.01,399/100,96,124
699,C#6,160.01,99/100,96,124
700,C#7,160.01,99/100,104,124
701,C#6,160.01,99/100,109,124
702,G#4,160.01,99/100,109,124
703,E-4,160.01,99/100,109,124
704,B6,161.01,99/100,104,124
705,B5,161.01,99/100,109,124
706,G#4,161.01,99/100,109,124
707,C#4,161.01,99/100,109,124
708,G#3,161.01,99/100,92,124
709,B5,161.01,99/100,92,124
710,B-5,162.01,99/100,120,124
711,E-4,162.01,49/100,96,124
712,B-5,162.01,99/100,96,124
713,B-6,162.01,99/100,104,124
714,G#4,162.51,99/100,112,124
715,C#4,162.51,149/100,96,124
716,G#3,162.51,149/100,88,124
717,F#5,163.01,49/100,120,124
718,F#5,163.01,49/100,96,124
719,F#6,163.01,49/100,104,124
720,G#5,163.51,49/100,120,124
721,G#5,163.51,49/100,96,124
722,G#6,163.51,49/100,104,124
723,G#5,164.0,4.0,120,124
724,G#5,164.0,4.0,96,124
725,G#6,164.0,4.0,104,124
726,F#4,164.01,99/100,112,124
727,A2,164.01,399/100,96,124
728,C#4,165.01,99/100,112,124
729,B-3,165.01,99/100,88,124
730,E-4,166.01,49/100,112,124
731,G#3,166.51,149/100,88,124
732,F#4,166.51,149/100,104,124
733,B3,166.51,149/100,104,124
734,G#5,168.01,99/100,99,124
735,G#4,168.01,99/100,99,124
736,C#4,168.01,99/100,99,124
737,C#3,168.01,99/100,108,124
738,G#5,168.01,99/100,108,124
739,B-5,169.01,99/100,112,124
740,B-5,169.01,99/100,108,124
741,C#4,169.01,99/100,108,124
742,C#3,169.51,249/100,120,124
743,B5,170.01,99/100,112,124
744,B5,170.01,99/100,108,124
745,E-4,170.01,99/100,108,124
746,E-6,171.01,99/100,112,124
747,E-6,171.01,99/100,108,124
748,C#4,171.01,99/100,108,124
749,C#6,172.01,99/100,99,124
750,F#4,172.01,99/100,99,124
751,E-4,172.01,99/100,99,124
752,E-3,172.01,99/100,108,124
753,C#6,172.01,99/100,108,124
754,B5,173.01,49/100,120,124
755,C#4,173.01,99/100,96,124
756,B5,173.01,49/100,112,124
757,B-5,173.51,99/100,120,124
758,E-3,173.51,249/100,120,124
759,B-5,173.51,99/100,112,124
760,E-4,174.01,99/100,96,124
761,F#5,174.51,149/100,120,124
762,F#5,174.51,149/100,112,124
763,F#4,175.01,99/100,96,124
764,G#5,176.01,99/100,99,124
765,G#4,176.01,99/100,99,124
766,E4,176.01,99/100,99,124
767,E3,176.01,99/100,108,124
768,G#5,176.01,99/100,108,124
769,B-5,177.01,99/100,112,124
770,B-5,177.01,99/100,108,124
771,C#4,177.01,99/100,108,124
772,E3,177.51,249/100,120,124
773,B5,178.01,99/100,112,124
774,B5,178.01,99/100,108,124
775,E-4,178.01,99/100,108,124
776,E-6,179.01,49/100,120,124
777,C#4,179.01,99/100,96,124
778,E-6,179.01,49/100,112,124
779,F#6,179.51,49/100,120,124
780,F#6,179.51,49/100,112,124
781,F#6,180.0,0.5,120,124
782,F#6,180.0,0.5,112,124
783,F#4,180.01,99/100,96,124
784,F#3,180.01,399/100,120,124
785,E-6,180.51,99/100,120,124
786,E-6,180.51,99/100,112,124
787,C#4,181.01,99/100,96,124
788,F#6,181.51,99/100,120,124
789,F#6,181.51,99/100,112,124
790,E-4,182.01,99/100,96,124
791,B-6,182.51,99/100,120,124
792,B-6,182.51,99/100,112,124
793,F#4,183.01,99/100,96,124
794,G#6,183.51,6/25,120,124
795,G#6,183.51,6/25,112,124
796,B-6,183.76,6/25,120,124
797,B-6,183.76,6/25,112,124
798,G#4,184.01,99/100,96,124
799,B6,184.01,49/100,100,124
800,C#4,184.01,49/100,100,124
801,C#3,184.01,49/100,116,124
802,B6,184.01,49/100,116,124
803,C#3,184.51,99/100,120,124
804,B-6,184.51,49/100,112,124
805,B-6,184.51,49/100,100,124
806,C#4,184.51,49/100,100,124
807,G#6,185.01,49/100,120,124
808,C#4,185.01,99/100,96,124
809,G#6,185.01,49/100,112,124
810,F#6,185.51,99/100,120,124
811,E-3,185.51,49/100,120,124
812,F#6,185.51,99/100,112,124
813,E-4,186.01,99/100,96,124
814,E-3,186.01,99/100,120,124
815,E-6,186.51,99/100,120,124
816,E-6,186.51,99/100,112,124
817,C#4,187.01,99/100,96,124
818,E4,187.01,49/100,80,124
819,E3,187.01,49/100,120,124
820,G#6,187.51,49/100,100,124
821,E4,187.51,49/100,100,124
822,E3,187.51,49/100,116,124
823,G#6,187.51,49/100,116,124
824,G#6,188.0,0.5,100,124
825,E4,188.0,0.5,100,124
826,E3,188.0,0.5,116,124
827,G#6,188.0,0.5,116,124
828,F#4,188.01,99/100,96,124
829,G#6,188.51,99/100,120,124
830,F#3,188.51,149/100,120,124
831,G#6,188.51,99/100,112,124
832,C#4,189.01,99/100,96,124
833,B-6,189.51,99/100,120,124
834,B-6,189.51,99/100,112,124
835,E-4,190.01,99/100,96,124
836,F#4,190.01,49/100,80,124
837,F#3,190.01,49/100,120,124
838,F#6,190.51,149/100,120,124
839,F#4,190.51,49/100,80,124
840,F#3,190.51,49/100,120,124
841,F#6,190.51,149/100,112,124
842,F#4,191.01,99/100,112,124
843,F#3,191.51,49/100,120,124
844,F#4,192.0,2.0,112,124
845,F#6,192.0,2.0,120,124
846,F#3,192.0,2.0,120,124
847,F#6,192.0,2.0,112,124
848,G#5,194.01,199/100,120,124
849,G#6,194.01,199/100,116,124
850,G#4,194.01,199/100,116,124
851,G#5,196.0,4.0,120,124
852,G#6,196.0,4.0,116,124
853,G#4,196.0,4.0,116,124
854,G#5,200.0,2.0,120,124
855,G#6,200.0,2.0,116,124
856,G#4,200.0,2.0,116,124
